/composer.json|4746c4edc6f91cdc853cf804b4c41d7f
/registration.php|dc6e50502663d362b5efdf9c829985c6
/Block/Widget/Grid/Massaction/Extended.php|7de345d6585b4465afc49d1b52218df0
/Block/Widget/Grid/Extended.php|b8412068888884d16062c0cc6878ad57
/Block/Tracker.php|eeb7499d0dbe65ce7e03626ba4d922fe
/Block/Adminhtml/Order/Header.php|d4d1f105ab2d84337afbc4ea7ed62352
/Block/Adminhtml/Home/Dashboard.php|55eb56abdf17ac88b0905191e612d0f5
/Block/Adminhtml/Main.php|9bcbe142a292f291ca76d264838b21c1
/Block/Adminhtml/Product.php|326c0429f9972313efaaa728835b87ed
/Block/Adminhtml/Sales/Order/Tab/Info.php|667c9dd1fa079afb6439f190fb185180
/Block/Adminhtml/Product/Grid.php|eab080871d3c9f83555db723f5b56e4f
/Block/Adminhtml/Product/Header.php|f5bb5a9a3610f4aa52a9ab0e46721b5d
/Block/Adminhtml/Product/Grid/Renderer/Lengow.php|bd1f460fc4d034a80184e4972399955a
/Block/Adminhtml/Product/Grid/Renderer/Image.php|c3561d099ac77a9e610b4a841407d267
/Block/Adminhtml/System/Config/Check.php|8b4a4b1271fed98f757b1ca63e5be282
/Block/Adminhtml/Header.php|28fa1fb0ab8821a7d24513cd94762131
/Block/Adminhtml/Toolbox/Content.php|0b48f27aabbff12d9756570994daa3ea
/Block/Adminhtml/Footer.php|74e558195af277c1d6cda72ad71979db
/Block/Adminhtml/Legal/Content.php|25abbe9dc6389bd2e6e57a0113f01407
/Block/Adminhtml/Help/Content.php|c2ab65c313b88907b87f6dc1d1fcc8ed
/Controller/Export/Index.php|28bdd964588a704d262c1ae23f8ecfa1
/Controller/Adminhtml/Order/Resend.php|28ffd55a750ced294057696a2e36f2ba
/Controller/Adminhtml/Order/Reimport.php|e338ec1baed8042ac91071bfc8e71316
/Controller/Adminhtml/Order/MassReImport.php|e027f5fae776c0d426031d66bf28a5fe
/Controller/Adminhtml/Order/Index.php|8e0c39d90cf4fac48029369793711710
/Controller/Adminhtml/Order/MassReSend.php|b53fef3d29c8644772dc2693b81e5f95
/Controller/Adminhtml/Order/Synchronize.php|03bcb8a4795b4a639953f6251aa445c6
/Controller/Adminhtml/Home/Index.php|0678eb7e951007758cf7a1d727aab2ec
/Controller/Adminhtml/Home/Refresh.php|832c608fe5b82ab650994a4444b39404
/Controller/Adminhtml/Product/Index.php|4ff5fe411bc2cea55d77c23432296b3d
/Controller/Adminhtml/Product/MassPublish.php|e4618c42b7ec1c58ad9e53464769abea
/Controller/Adminhtml/Toolbox/Index.php|42d46b89745652d398e81462280f6697
/Controller/Adminhtml/Log/Index.php|4b7d3f5f6aead4f09f73e03eb488178f
/Controller/Adminhtml/Legal/Index.php|7ce5a137352b1d5269cb695b26ecf8e8
/Controller/Adminhtml/Help/Index.php|5c1fdf25774ce9097f6a90c5722855a8
/Controller/Cron/Index.php|848a72aa81cd623483b917431a743314
/Cron/LaunchSynchronization.php|09d3a9bead5b823a72134be27fb859cf
/Cron/LaunchExport.php|c5ef7a180cdb8c758b8ec7e73c8a2a54
/etc/frontend/routes.xml|fd7926ca314017e32250b7e108d09d75
/etc/di.xml|594058fc32534212ccb4d3d7810a269b
/etc/events.xml|2d87b77011008cec0c76349d0cb48ff1
/etc/config.xml|0dac84e40ca5df82535f0ebd41d0d630
/etc/module.xml|6043c0b53b22b36c2f9ba04df83e0742
/etc/acl.xml|9b7ef12d777d5f9bed984c600c04477c
/etc/crontab.xml|ca97f746162b6bd4441d34475c9b0103
/etc/adminhtml/system.xml|17baf0cee5d5e7f5055dfe03a6614481
/etc/adminhtml/menu.xml|b77fedabb5e2fa4ac1e16faa8b07add4
/etc/adminhtml/routes.xml|b37d51a18bc54f5a872c9797ed06ed5d
/Helper/Import.php|9338ad18f1a7709bf9c3687aad72e4ce
/Helper/Config.php|d9034465fe2473aea50e17bf8018e39b
/Helper/Data.php|326a78f0605741684a7664e430b39284
/Helper/Sync.php|69b4b9baa8c78479b117c752cac331a7
/Helper/Security.php|27ff81b3c660b458c669e0ee4b40e182
/i18n/fr_FR.csv|63aeb8474c9fc6040756c451844fe87d
/i18n/de_DE.csv|8e95ce2fa0aca6f4fca65f23455db418
/i18n/en_GB.csv|a5f2eb17db11553025f906541ba2469c
/Model/Import.php|43cded27704dbc20d889f08d5bf40354
/Model/Config/Source/Group.php|b3b3a620484ace6a52ab05c7b116cd9a
/Model/Config/Source/Type.php|dc9740791b093934f67998d428a5025b
/Model/Config/Source/Action.php|57bcf9c9cd861f9c1db4fd641ab9a5a1
/Model/Config/Source/Attribute.php|ca7cadf4afcfc305cf4e40168c430f67
/Model/Config/Source/Tracking.php|7bc3dd4f7371b6e4a309aa79bb12422b
/Model/Config/Source/Status.php|18841de5529d1121f06b60afa36d46c9
/Model/Config/Source/Actionstatus.php|9978b661849d3c5d6f7dedee92961cf4
/Model/Config/Source/Actiontype.php|ac606eded36dbd53cac0d60da5991661
/Model/Payment/Lengow.php|dd4f2d120fe6faa2d731cbf9eed66408
/Model/Export.php|c5057b3b0b838f9054e35f8a9d1e96d9
/Model/Connector.php|0e2483352be38ff060cf322e901769b6
/Model/Log.php|8713710a7e644c53618cc9bba5017ee6
/Model/Export/Category.php|b30f506e58103979c49e9bead2ab528a
/Model/Export/Feed.php|87c18d20e583a8b5b866ba2f35864a32
/Model/Export/Product.php|d7ab8842eeec244d4089e4b265bf9d5e
/Model/Export/Shipping.php|896dd1a7e87798cc98800f99f4fbaa3c
/Model/Export/File.php|7e847f4a8a354235a9990e46675b85bf
/Model/Export/Price.php|28be6b3a948f42d127314396de469757
/Model/Carrier/Lengow.php|21fe2987f1e821dafa1c60e3111f50d2
/Model/Import/Orderline.php|2dea1e0026eb3eef58c16b991393a00b
/Model/Import/Importorder.php|ba8bd1318f9a51e5adcf887263b616a3
/Model/Import/Order.php|a767b71195ccfac8233bb1632190f4b1
/Model/Import/Action.php|a34a5d472be76ad4d6a7318724bd03ca
/Model/Import/Quote/Item.php|deea2328f2b0109b4bfe412c7edc90a5
/Model/Import/Ordererror.php|b3e77281dda7a783df37ae49d74325c1
/Model/Import/Customer.php|d2bed8b465d9b9a78899f0cb1142af4b
/Model/Import/Quote.php|af9c83bf580f53ed7df6895dbd7a928f
/Model/Import/Marketplace.php|79e082f9d8f70735051a599341f2dc96
/Model/Exception.php|54edeb8720951a9e4cdc0011f8e2572f
/Model/ResourceModel/Orderline.php|3f668e6e192780a17847a5ecb354374e
/Model/ResourceModel/Order/Collection.php|5850f4e58408a583f995723fd3e51a7f
/Model/ResourceModel/Order.php|10cb298ccc1cf0d041396cb497af037b
/Model/ResourceModel/Action.php|7fc9a81dd0327b44d3f843cc4b374f03
/Model/ResourceModel/Ordererror.php|1d8ded0f9c697219c95c3922d8ad00ed
/Model/ResourceModel/Action/Collection.php|71567105d7ae4c6220a4afcdbe657468
/Model/ResourceModel/Log/Collection.php|5e4a18933b7f6ecebf482be80308519d
/Model/ResourceModel/Log.php|b0f24eb70a07386dd53b10766879c060
/Model/ResourceModel/Orderline/Collection.php|c1fb64afe75e9bcf63015e7337997697
/Model/ResourceModel/Ordererror/Collection.php|797c0e562c39a3506a12aa175ee14311
/Observer/SendAction.php|f8f12dc60410c15bd9e5e16a158e70a2
/Plugin/SaveConfig.php|35aa41946a435f3365943b9d2e9f9226
/Setup/UpgradeSchema.php|9ba9ae7cb1fbae674673fa2b3172add3
/Setup/InstallData.php|0faaa603ad7a9e8f337963bf8eb895cc
/Setup/InstallSchema.php|ff944bd7d69e07d36f6a8cdb2109b28d
/Setup/UpgradeData.php|a7df8ebac44eef7ba24d02eeb9fd7aa7
/Ui/Component/Listing/Column/Store.php|5225dfd44a66474f2be92c27a60d8b13
/Ui/Component/Listing/Column/Country.php|8c287b34507c49d909876ae4a4b9a8c8
/Ui/Component/Listing/Column/OrderStatus.php|7a26a279888c77af4941bd953c28adc9
/Ui/Component/Listing/Column/OrderSku.php|20f3aca7a4a6068e2d786d63a9680360
/Ui/Component/Listing/Column/ActionParameters.php|8218b3bd57ba01c7897cffd74505f49c
/Ui/Component/Listing/Column/ActionStatus.php|0dd88613e95bccb220b343f19113edb7
/Ui/Component/Listing/Column/LengowOrderStatus.php|34157610a755f53c6bc4c5d00e4ab585
/Ui/Component/Listing/Column/OrdersActions.php|0cd9ae3a8b44a063ea1371baf5b3ee2d
/Ui/Component/Listing/Column/TotalPaid.php|b87713cb0d18f8004ad83fade9f555ee
/view/frontend/layout/default.xml|52691c169f2e1e870cb418313f2ec063
/view/frontend/templates/tracker.phtml|d67e14527799d4b93f9de1777e3d84e9
/view/adminhtml/web/css/font-awesome.css|bf4b58c946c9234e4a6b9f7a70d38006
/view/adminhtml/web/css/lengow-pages.css|6f0011e171d56cae3f314e667dd764fb
/view/adminhtml/web/css/lengow-components.css|691bcb6f88eb27775d58fcec2ec41746
/view/adminhtml/web/css/lengow-layout.css|1635e5280561461cff838351f11c6eb5
/view/adminhtml/web/images/flag/TG.png|e2cf3a5f662ba166b85bf7a224d9ded9
/view/adminhtml/web/images/flag/ME.png|b9d7ebeaa14eaf5c2132098e57ac3b3a
/view/adminhtml/web/images/flag/LA.png|73e8e91f8cec75bc2cb582effb937212
/view/adminhtml/web/images/flag/MR.png|88251c8ae9701c1c130b51c206462216
/view/adminhtml/web/images/flag/NI.png|7f337fe073caff1ecb41acae6a9d1e3d
/view/adminhtml/web/images/flag/LV.png|48efa49e2a85e9c077be41542ad17a1a
/view/adminhtml/web/images/flag/OM.png|03760a212630cc7c0e5471df8281355e
/view/adminhtml/web/images/flag/AF.png|49d77e12111afc3d4194ade2664d286f
/view/adminhtml/web/images/flag/CY.png|eb2365a3603d60aff08f3c50cc87f249
/view/adminhtml/web/images/flag/BJ.png|e0db6fe266bf66ddebe037bc574a930d
/view/adminhtml/web/images/flag/CN.png|9e22cff886b227b7c66a7299cee60c4a
/view/adminhtml/web/images/flag/CO.png|e9239e0e2019b75b50908273696037a5
/view/adminhtml/web/images/flag/AG.png|3e96767508f891bee4e18b0879197059
/view/adminhtml/web/images/flag/MS.png|ecfd4b85afd85b8bf8c531f8e6255cae
/view/adminhtml/web/images/flag/MD.png|2b7d7b14d52f8fe8d800c000f2ddd0a9
/view/adminhtml/web/images/flag/ZM.png|90feb476b1cf845ec389074f32585c34
/view/adminhtml/web/images/flag/ZZ.png|737e91fb2b9da9e69ab2495a49cce79d
/view/adminhtml/web/images/flag/VN.png|8c03bf96d845425cda900ed4cf965193
/view/adminhtml/web/images/flag/TF.png|cc1fc719aa70170cf59aa97989f32fca
/view/adminhtml/web/images/flag/TD.png|c09a11652d7215dbbb86b9f2e08e1eaa
/view/adminhtml/web/images/flag/YT.png|cc1fc719aa70170cf59aa97989f32fca
/view/adminhtml/web/images/flag/LB.png|a40045be63d6f413ff91c9b5867aa880
/view/adminhtml/web/images/flag/LU.png|b30b097b3f764af26f3fc551e10b62fa
/view/adminhtml/web/images/flag/MQ.png|cc1fc719aa70170cf59aa97989f32fca
/view/adminhtml/web/images/flag/CZ.png|c29892cb415d8489c5e4024a867fe8b6
/view/adminhtml/web/images/flag/AE.png|ea9875d8e8afafed9f07e63e7fae0b3d
/view/adminhtml/web/images/flag/CM.png|7944de5a7885828172fe267c5f0bd666
/view/adminhtml/web/images/flag/BI.png|2bc04f56f098abfd22ec8dc9b4d25c6f
/view/adminhtml/web/images/flag/AR.png|2c0793e851675c4178e6c623bedada68
/view/adminhtml/web/images/flag/BH.png|4c735715f2b57bf14008bc277ba43c51
/view/adminhtml/web/images/flag/CL.png|6e05e10bbad0945a6a0ac4f72de351bd
/view/adminhtml/web/images/flag/AD.png|ca92647387865e00fd0128eea3c0b3f0
/view/adminhtml/web/images/flag/MP.png|6c26816f5aaeae7d369b60fce14da9db
/view/adminhtml/web/images/flag/LT.png|6a8428cf97967d9726f9a78277fec777
/view/adminhtml/web/images/flag/MG.png|1d31e4ce165056179bbe39248a7170cc
/view/adminhtml/web/images/flag/LC.png|92badafa246492aed1cffb0bb913a21b
/view/adminhtml/web/images/flag/TR.png|ae9e141ce534888b8b298f3a63d36e38
/view/adminhtml/web/images/flag/UA.png|01969d09f7817a4ed6b9f152123fd5fa
/view/adminhtml/web/images/flag/TV.png|87b460b75260e3da93f06e56840a95b9
/view/adminhtml/web/images/flag/TA.png|ecfd4b85afd85b8bf8c531f8e6255cae
/view/adminhtml/web/images/flag/MT.png|a31f908619bd13739d39dfca7d3900a4
/view/adminhtml/web/images/flag/NO.png|e3fa15f998178a590461f1fc6a0d2de8
/view/adminhtml/web/images/flag/MC.png|85754149e4307e821f27c80389263d6e
/view/adminhtml/web/images/flag/CH.png|d3f7ffa92fc89d18ecf93a210dcbd046
/view/adminhtml/web/images/flag/BL.png|cc1fc719aa70170cf59aa97989f32fca
/view/adminhtml/web/images/flag/BZ.png|9481ccc9362b14353caa982b525793a8
/view/adminhtml/web/images/flag/CI.png|06b9dd31f9661b9a162857eef2f33cc2
/view/adminhtml/web/images/flag/MU.png|026a9a35bf226c5466e85912d37c80ec
/view/adminhtml/web/images/flag/US.png|96becb321dbd9e9fab92cf6b3c9b5163
/view/adminhtml/web/images/flag/TW.png|6ae84dc3a37d433ee650f0089a8e8f4f
/view/adminhtml/web/images/flag/YE.png|393dee2beda492bbdae758640b615561
/view/adminhtml/web/images/flag/MW.png|eaadfcd54efd99816aa1e98cde55b48a
/view/adminhtml/web/images/flag/NL.png|f9da0a905e9fec2ff6a12d52b0bae61c
/view/adminhtml/web/images/flag/LS.png|424c47d3ce5111e4f646abcfafc652be
/view/adminhtml/web/images/flag/BO.png|4e5e360f3cfec693bddd39707f79254a
/view/adminhtml/web/images/flag/AT.png|d94ad12cbb42e07163dad620027b3a80
/view/adminhtml/web/images/flag/BY.png|30eb3989b884d4aed254eef073a21e9f
/view/adminhtml/web/images/flag/AU.png|ab3991ad7489bf384fb5446222bb48c6
/view/adminhtml/web/images/flag/BN.png|54fbed23e5e0467e10530f00e5a53d8a
/view/adminhtml/web/images/flag/MA.png|b9214415961f794af1034dab0cace3b3
/view/adminhtml/web/images/flag/NZ.png|c9eb80f47846f678803710fd86e4fb91
/view/adminhtml/web/images/flag/LR.png|88412f2e2d5322bdd1d10f011fda38e3
/view/adminhtml/web/images/flag/MV.png|ba000bb35f554921cf272250f30c2e10
/view/adminhtml/web/images/flag/UG.png|2e03029719fda3470ee6263150a7466b
/view/adminhtml/web/images/flag/TT.png|3dd6607f691fdc7244b08e30f9cb5266
/view/adminhtml/web/images/flag/PL.png|08b70dfd937f53fc448e084334df133d
/view/adminhtml/web/images/flag/RS.png|6e44d2f1b54aeb9f6a470796c05307b8
/view/adminhtml/web/images/flag/IN.png|c1b8cf0460974ae1739a2f0ee72a0a36
/view/adminhtml/web/images/flag/GE.png|6ece075c9a93ba4cabbd65f015fa91b3
/view/adminhtml/web/images/flag/GR.png|1490aa27b7e0f14ac0757139cf3804fa
/view/adminhtml/web/images/flag/GD.png|2f520ce09043643b7252eb0ce75a3d0c
/view/adminhtml/web/images/flag/HK.png|9e22cff886b227b7c66a7299cee60c4a
/view/adminhtml/web/images/flag/KP.png|6b12eacf3bd315e433ba0b1eacf9d802
/view/adminhtml/web/images/flag/KG.png|aa27c4a8269656e2b7e22ee2782869fd
/view/adminhtml/web/images/flag/PM.png|cc1fc719aa70170cf59aa97989f32fca
/view/adminhtml/web/images/flag/SV.png|7f337fe073caff1ecb41acae6a9d1e3d
/view/adminhtml/web/images/flag/RE.png|cc1fc719aa70170cf59aa97989f32fca
/view/adminhtml/web/images/flag/SA.png|fa0d37fefbcb03be08a96ff39c35e9fb
/view/adminhtml/web/images/flag/SC.png|59f0b2fdc9c66ca24e723225fea73c3f
/view/adminhtml/web/images/flag/ST.png|c879c939fdce2c819a2f80f1680580d2
/view/adminhtml/web/images/flag/KE.png|ba0a3ef22e0a59d8db268ae25d4fcb77
/view/adminhtml/web/images/flag/IM.png|9a71aa37ec75db5858d66cf3a9a943f4
/view/adminhtml/web/images/flag/KR.png|26ddd3e45a9a097d781fd1c9cfddc468
/view/adminhtml/web/images/flag/GF.png|cc1fc719aa70170cf59aa97989f32fca
/view/adminhtml/web/images/flag/DJ.png|5ddb0d34fd83107a3d83e18880fa0305
/view/adminhtml/web/images/flag/GQ.png|a3535b533b2af91719ba770f308ceb67
/view/adminhtml/web/images/flag/OTHERS.png|ca92647387865e00fd0128eea3c0b3f0
/view/adminhtml/web/images/flag/GP.png|cc1fc719aa70170cf59aa97989f32fca
/view/adminhtml/web/images/flag/DK.png|4c8c04806671345cacfabbd0781aaa64
/view/adminhtml/web/images/flag/IL.png|ca066a0cb246da38676b6a4930b29971
/view/adminhtml/web/images/flag/SB.png|bf3795be21421952a58ca2039aaaf5b5
/view/adminhtml/web/images/flag/PY.png|47ba6b57d21f58b4e206251230b19ac8
/view/adminhtml/web/images/flag/RU.png|784a2a8638e99ff3e7d229be90b4f420
/view/adminhtml/web/images/flag/KW.png|04474a00fd44b8c39fcce5cb6f2b94f7
/view/adminhtml/web/images/flag/DO.png|7ca29ece3c9d65228080ba12e0be8940
/view/adminhtml/web/images/flag/GT.png|d4b7180e1da0f1f2baede267bec4d045
/view/adminhtml/web/images/flag/GB.png|ecfd4b85afd85b8bf8c531f8e6255cae
/view/adminhtml/web/images/flag/JR.png|532ea8b20fa31e751d81f819d1e6774d
/view/adminhtml/web/images/flag/SG.png|f0f0bb2bf6639e472ef6ff90f9eaf0c7
/view/adminhtml/web/images/flag/PK.png|bb24b773e81e7daebc3ba3e263e67c20
/view/adminhtml/web/images/flag/SR.png|0a74189d8580fae462170f51fdfd5b9b
/view/adminhtml/web/images/flag/SE.png|b8e45aecfb0ad66627b731f7d5fee095
/view/adminhtml/web/images/flag/JP.png|e6f8733f45d9c7ac9dcf834aba625cbb
/view/adminhtml/web/images/flag/GW.png|9103e6399b262a7ad40a5d06e0ea8ecd
/view/adminhtml/web/images/flag/DZ.png|96aecc1300df553a35b3758e3ecfba3e
/view/adminhtml/web/images/flag/GA.png|334f0731d029c587625f0b7b98e6e17d
/view/adminhtml/web/images/flag/FR.png|cc1fc719aa70170cf59aa97989f32fca
/view/adminhtml/web/images/flag/DM.png|863a58ff3765e2285d6b2f519620640e
/view/adminhtml/web/images/flag/HN.png|e969c09f78ba886511b46ac692d9f204
/view/adminhtml/web/images/flag/SD.png|fa421effd81aa5f626083d0b2474853b
/view/adminhtml/web/images/flag/RW.png|3c21dcfbee72c5a9229317ba9e3b9cdb
/view/adminhtml/web/images/flag/PH.png|38df9e3c0944ffe4d5b015be95793be5
/view/adminhtml/web/images/flag/SS.png|83ab553ec6ed1454b5523b9bb5f9e4f9
/view/adminhtml/web/images/flag/QA.png|f38b2d29e8a446e5764d5258c8afd6eb
/view/adminhtml/web/images/flag/PE.png|2213daa82fbd4344c53ed14272064ed3
/view/adminhtml/web/images/flag/PR.png|587404b281120855ff304375851e3793
/view/adminhtml/web/images/flag/SI.png|87f0819a7674137b062db99f7b888af7
/view/adminhtml/web/images/flag/HT.png|3dd1a60ae95e7348b00fa8c1bffd0258
/view/adminhtml/web/images/flag/ES.png|6db63d7e4bee7add3ead8eb95c9668e8
/view/adminhtml/web/images/flag/GL.png|4c8c04806671345cacfabbd0781aaa64
/view/adminhtml/web/images/flag/GM.png|d5273ab5a2bb48c0678db55894849363
/view/adminhtml/web/images/flag/ER.png|098530d2dfadf464e46eeb7b67f88391
/view/adminhtml/web/images/flag/FI.png|6bfdcba08d5eac28c8b2f444d403fbd7
/view/adminhtml/web/images/flag/EE.png|9d2fe6fa37282535b72b5b4428e02a1d
/view/adminhtml/web/images/flag/KN.png|73c41ac33b42de3aa30fca903333f7fb
/view/adminhtml/web/images/flag/HU.png|aa1de41f497f81700e4bbf862e3454ee
/view/adminhtml/web/images/flag/IQ.png|e80063e93b8c7a79490dfcfae80b6aae
/view/adminhtml/web/images/flag/KY.png|ecfd4b85afd85b8bf8c531f8e6255cae
/view/adminhtml/web/images/flag/SH.png|ecfd4b85afd85b8bf8c531f8e6255cae
/view/adminhtml/web/images/flag/PS.png|f9f7ff5e3c9d12173aca821154719f7e
/view/adminhtml/web/images/flag/PF.png|cc1fc719aa70170cf59aa97989f32fca
/view/adminhtml/web/images/flag/SJ.png|e3fa15f998178a590461f1fc6a0d2de8
/view/adminhtml/web/images/flag/ID.png|85754149e4307e821f27c80389263d6e
/view/adminhtml/web/images/flag/IS.png|e3afdbe32403f05ab6bed0acd8336604
/view/adminhtml/web/images/flag/EG.png|22e30f3af14155502c2f4a4819bcf799
/view/adminhtml/web/images/flag/FJ.png|dabe04af951004527f0b1094cfd218d1
/view/adminhtml/web/images/flag/GN.png|37244e09a030931a398207bbed599818
/view/adminhtml/web/images/flag/GY.png|ab7cebdcd0f057c92edb1d92d4c45ed1
/view/adminhtml/web/images/flag/IR.png|304c0bf838a4fbc343b85f2a0c252d1b
/view/adminhtml/web/images/flag/KM.png|130b19dbbed58a2896335af73c1a7ff2
/view/adminhtml/web/images/flag/IE.png|6882a56174318552db95a58dc4bc295c
/view/adminhtml/web/images/flag/KZ.png|1944b754503564c281ce18e5902229e9
/view/adminhtml/web/images/flag/RO.png|0701088a3c572a894daa458455c957f1
/view/adminhtml/web/images/flag/SK.png|6bfe648618589d94ccad3c6e27aec692
/view/adminhtml/web/images/flag/PG.png|e13e005b63bc30978dc3e4232623e8d1
/view/adminhtml/web/images/flag/PT.png|2e7c7be8522b84c10ac8c584c3932fab
/view/adminhtml/web/images/flag/SO.png|053a1a934a1e0e0e3c4b455c3a0bf1db
/view/adminhtml/web/images/flag/SX.png|f9da0a905e9fec2ff6a12d52b0bae61c
/view/adminhtml/web/images/flag/HR.png|24cb403f2615ba725761dfbbcb843cfa
/view/adminhtml/web/images/flag/KI.png|da6b34f01691dfaaad7424078d741a6a
/view/adminhtml/web/images/flag/JM.png|3d54284d8d3cb58632a152175cb42866
/view/adminhtml/web/images/flag/EC.png|061930954ddd6fb786cd4060f0876fce
/view/adminhtml/web/images/flag/ET.png|a8ccdaec951da596214f55351e1ce618
/view/adminhtml/web/images/flag/KH.png|0ffb252a38a5001bd776633c7d294063
/view/adminhtml/web/images/flag/SY.png|5f25bd15bf8a63c5f55b36a63ad029b5
/view/adminhtml/web/images/flag/SN.png|1a524290e23411b9f33e2e4426cb2d40
/view/adminhtml/web/images/flag/PW.png|b5ae6117e7e8c6c506f4ec2bed045e33
/view/adminhtml/web/images/flag/SL.png|262fe618a191d0d8a60bc364746d3c04
/view/adminhtml/web/images/flag/FM.png|6ade62bece03f1d514fdbccdda641de1
/view/adminhtml/web/images/flag/GI.png|ecfd4b85afd85b8bf8c531f8e6255cae
/view/adminhtml/web/images/flag/DE.png|d8cd6c8e3fa88c3a5d71aade7691711d
/view/adminhtml/web/images/flag/GH.png|748acbf0e69a5b10243d3ef200d9ea7f
/view/adminhtml/web/images/flag/IC.png|6db63d7e4bee7add3ead8eb95c9668e8
/view/adminhtml/web/images/flag/JO.png|30a9129bf6502226ba7fd9da08e4b35c
/view/adminhtml/web/images/flag/IT.png|42d6ced0776d3c3ea8295b704202ff44
/view/adminhtml/web/images/flag/PA.png|9407681f91e287935c4a7f987da34c63
/view/adminhtml/web/images/flag/SZ.png|cba65b0b5c6d94904dcba4f3150c5ca8
/view/adminhtml/web/images/flag/SM.png|ad4c6e282255da7434889bd83a069286
/view/adminhtml/web/images/flag/TN.png|fb43183a6891caf1600763cb51cde4a5
/view/adminhtml/web/images/flag/ML.png|a902428bbc6d2e20381b5f4a58ffc750
/view/adminhtml/web/images/flag/CG.png|fd66daf57f1a96e802ba44b07ce712c8
/view/adminhtml/web/images/flag/AX.png|6bfdcba08d5eac28c8b2f444d403fbd7
/view/adminhtml/web/images/flag/AO.png|835be1589972b119e2a3aea772e21a18
/view/adminhtml/web/images/flag/BT.png|3d1dd6d51b8706976d8e52985f572dd1
/view/adminhtml/web/images/flag/BB.png|a0a004f000c7ea6ab8d150959ac8d3fe
/view/adminhtml/web/images/flag/CF.png|5f181e4dc309c220174c64376759a89a
/view/adminhtml/web/images/flag/MM.png|96647eab72c5fe93e4be84e1c5f3d7a7
/view/adminhtml/web/images/flag/LI.png|ba8539c6542d4d7e443a10f91bea414c
/view/adminhtml/web/images/flag/NA.png|17f102547f2ad6154227108af755dad2
/view/adminhtml/web/images/flag/MZ.png|04cfeaaf203ceb1ffc56d95914956d3d
/view/adminhtml/web/images/flag/TO.png|59a189738b32f9e766c913ed9296de03
/view/adminhtml/web/images/flag/VE.png|60739b59a02254e88e103f154f434087
/view/adminhtml/web/images/flag/TZ.png|aeab49fe6ea2334ee06286245759f40a
/view/adminhtml/web/images/flag/TM.png|58f31979cd5840ed53c4c0244226ad88
/view/adminhtml/web/images/flag/MX.png|4585eaa23399ff97b0edddebc9548733
/view/adminhtml/web/images/flag/NC.png|cc1fc719aa70170cf59aa97989f32fca
/view/adminhtml/web/images/flag/MO.png|9e22cff886b227b7c66a7299cee60c4a
/view/adminhtml/web/images/flag/LK.png|4af94d1108d1dbd3daee42e5d7027e73
/view/adminhtml/web/images/flag/CD.png|1a91773608e0dc37943f2e3b64e2fd74
/view/adminhtml/web/images/flag/AL.png|5d34661c52bbda24fb4a49adf5ef82a0
/view/adminhtml/web/images/flag/BW.png|5fb1b531e34de1e246560f3a9defefe2
/view/adminhtml/web/images/flag/CR.png|fb27f4596f9ac16b951e0f017dbeaa2b
/view/adminhtml/web/images/flag/AM.png|3461136703e8e2b5dffe869e3e086ce1
/view/adminhtml/web/images/flag/AZ.png|eed74a4b4d1d9320554380ecd298c603
/view/adminhtml/web/images/flag/BA.png|0ca33f9b22f6317781e167a74843a19e
/view/adminhtml/web/images/flag/MN.png|6b459e34b09e6eb540ca41ff45f5d978
/view/adminhtml/web/images/flag/MY.png|1e8b313da9168f9b03b235d2952e142b
/view/adminhtml/web/images/flag/TL.png|e782b6cfd00d15f709104755f400a578
/view/adminhtml/web/images/flag/WS.png|dbfe225a535339b992abd582c9e69037
/view/adminhtml/web/images/flag/TH.png|04ae701cf5d13862c0badd8f931844b6
/view/adminhtml/web/images/flag/XK.png|6d8d386104193e251f4c3077e5bf5d3b
/view/adminhtml/web/images/flag/LY.png|cc1fe9b7e51a1ffa91c5f79d26043a25
/view/adminhtml/web/images/flag/BR.png|8f5c8e3aec893ab67e226a15db7cf0c0
/view/adminhtml/web/images/flag/CV.png|0e39eebc150f3825588ebd015b958372
/view/adminhtml/web/images/flag/BE.png|a538d77b0d0e599095ca6db2ada1c2f3
/view/adminhtml/web/images/flag/CA.png|959ca28fd07235ef971d3ea388c16397
/view/adminhtml/web/images/flag/BD.png|ea5f4a802e6b2969197551c64750b9a6
/view/adminhtml/web/images/flag/BS.png|9bd57b913f78269f420d06006adc4881
/view/adminhtml/web/images/flag/NG.png|bd9daa305a8a954cffaff6649a464b5d
/view/adminhtml/web/images/flag/MK.png|a58f238f52c62e8eb54fa6d056c37d38
/view/adminhtml/web/images/flag/NP.png|3885515ee4827a6d374e0bbcc3ddaaef
/view/adminhtml/web/images/flag/VA.png|14a0946355567991035d1c4a235b7890
/view/adminhtml/web/images/flag/UZ.png|9cd7f3e20f89d37e4a2854f30622d27a
/view/adminhtml/web/images/flag/UM.png|6c26816f5aaeae7d369b60fce14da9db
/view/adminhtml/web/images/flag/VC.png|04d50353949376995d0ca8827fd35241
/view/adminhtml/web/images/flag/ZW.png|7d535d7ed7bb8fad8684610d869c4058
/view/adminhtml/web/images/flag/NR.png|0d5e83ccb1ccd3a8f02fc61acaa6e47b
/view/adminhtml/web/images/flag/NE.png|fc09575c0fabcb08e083e2b25f8e4343
/view/adminhtml/web/images/flag/CU.png|4ba302408d9eddb58f79ef741668bf3b
/view/adminhtml/web/images/flag/BQ.png|f9da0a905e9fec2ff6a12d52b0bae61c
/view/adminhtml/web/images/flag/BF.png|80b84a563590f903257bfe44f1332870
/view/adminhtml/web/images/flag/BG.png|aad68b8269f4c43558b53089c6e42d71
/view/adminhtml/web/images/flag/MH.png|14bc97a69158b9c8b513b4b4adc6b861
/view/adminhtml/web/images/flag/ZA.png|55dc8a9767f651d0c1f81dc47580f5d8
/view/adminhtml/web/images/flag/UY.png|bb2ddc17d73acbc625c0ec8ab5ff51c4
/view/adminhtml/web/images/flag/WF.png|cc1fc719aa70170cf59aa97989f32fca
/view/adminhtml/web/images/flag/VU.png|cade21feef734a691c19396d4cacd4d4
/view/adminhtml/web/images/flag/TJ.png|725785afd7652b97fc79b9f9a2219759
/view/adminhtml/web/images/home-orders.png|db05b21ec6b166d844b42c0e807cb265
/view/adminhtml/web/images/lengow-blue.png|20c05b7249c00f126861223ecc5b6ce9
/view/adminhtml/web/images/home-settings.png|4f7751e943137d3c10b71da358f7b1d7
/view/adminhtml/web/images/home-products.png|99ff45448ea094f8c70b58a0cd4d9303
/view/adminhtml/web/images/lengow-white-big.png|6e6178f2db21104a157aebb27f9a5ca2
/view/adminhtml/web/js/order.js|1787fe572efa8a1035c4141e7968c176
/view/adminhtml/web/js/toolbox.js|02be0fe16e0ff40885da8a499bb35206
/view/adminhtml/web/js/home.js|369af9ec53bdbf3af06a913f2c34adbd
/view/adminhtml/web/js/product.js|cb15141074f239070753c4e715277d36
/view/adminhtml/web/fonts/Lato-Italic.ttf|56c4cb26fd6a48b9c0ebcc07b376ee38
/view/adminhtml/web/fonts/fontawesome-webfont.svg|f775f9cca88e21d45bebe185b27c0e5b
/view/adminhtml/web/fonts/Lato-LightItalic.ttf|3d747d8bf464744eecb91556d86de11b
/view/adminhtml/web/fonts/FontAwesome.otf|87d8ca3ddc57e7d2da6226e480f90457
/view/adminhtml/web/fonts/Lato-Bold.ttf|44dfe8cc676882243911a3197a50169e
/view/adminhtml/web/fonts/Lato-Regular.ttf|7f690e503a254e0b8349aec0177e07aa
/view/adminhtml/web/fonts/fontawesome-webfont.woff2|db812d8a70a4e88e888744c1c9a27e89
/view/adminhtml/web/fonts/fontawesome-webfont.ttf|a3de2170e4e9df77161ea5d3f31b2668
/view/adminhtml/web/fonts/Lato-BoldItalic.ttf|1ba4767ee37aab7e8d34fc339c3538cc
/view/adminhtml/web/fonts/fontawesome-webfont.woff|a35720c2fed2c7f043bc7e4ffb45e073
/view/adminhtml/web/fonts/Lato-Light.ttf|5b761f2d1e4259ea6ac7ab3ebf7f3c49
/view/adminhtml/web/fonts/OpenSans-Regular.ttf|629a55a7e793da068dc580d184cc0e31
/view/adminhtml/web/fonts/fontawesome-webfont.eot|32400f4e08932a94d8bfd2422702c446
/view/adminhtml/layout/lengow_home_index.xml|205d9f6731f8f8de417e371c65bd18ca
/view/adminhtml/layout/lengow_log_index.xml|b440b764d7a94bfc0995751bc0d8094b
/view/adminhtml/layout/lengow_product_index.xml|02442d39eaf2fafd71807e1c619b03e7
/view/adminhtml/layout/lengow_order_index.xml|b58545da84f109766db67827cdbf1b36
/view/adminhtml/layout/sales_order_view.xml|5523a3bb17cd1dbf13b46dd84bf33f10
/view/adminhtml/layout/lengow_toolbox_index.xml|f1a2c83de4af1f53a55d5228ae1ccf8a
/view/adminhtml/layout/lengow_help_index.xml|cff665ee8fbe478fbf87d11a7a245871
/view/adminhtml/layout/lengow_legal_index.xml|e959594d1772fe195015f3deadb856a1
/view/adminhtml/ui_component/lengow_log_listing.xml|4c7898fab9ec5da5b47dacdd4322af85
/view/adminhtml/ui_component/lengow_action_listing.xml|3ef76a9a1d46f3e1935ce868d2b1c30d
/view/adminhtml/ui_component/lengow_order_listing.xml|10e320d5bcaf15fb49241273d5946e11
/view/adminhtml/ui_component/lengow_product_listing.xml|d41d8cd98f00b204e9800998ecf8427e
/view/adminhtml/templates/order/main.phtml|c9797fff64fed3885c179acae9901290
/view/adminhtml/templates/order/header.phtml|f6dc1ba155d092ca46c81ad3ce80001b
/view/adminhtml/templates/home/dashboard.phtml|d33a8b15f0153425236374e7828d42c4
/view/adminhtml/templates/home/free_trial.phtml|b42a74e02062de4e30d814b980fb341a
/view/adminhtml/templates/home/main.phtml|b4a0fe003983da5749fbe0f9ded02f6e
/view/adminhtml/templates/home/new.phtml|fbcb683a86142fae68605018269c73c3
/view/adminhtml/templates/sales/order/tab/info.phtml|977c569a5eb89e1fd7c751959946e776
/view/adminhtml/templates/footer.phtml|a7f46e95a4953a0372fda5f61be5e488
/view/adminhtml/templates/product/main.phtml|47500de3d150d182d59b5be0e7ad757e
/view/adminhtml/templates/product/header.phtml|e6e158288e6e3390a328074fe6779190
/view/adminhtml/templates/toolbox/main.phtml|8f5641ad17206c7c2c52f72e8500b3d8
/view/adminhtml/templates/toolbox/content.phtml|749c12d826a13175c26a2d3400609adc
/view/adminhtml/templates/log/main.phtml|ee2236823cdcf3d8d05c8bdfdce1d0cc
/view/adminhtml/templates/legal/main.phtml|606a3bf257c131e8781f93078d321079
/view/adminhtml/templates/legal/content.phtml|cade706265d9c4fcf3a006ef22c44e6a
/view/adminhtml/templates/help/main.phtml|725f74753d014d0300f6614b36168035
/view/adminhtml/templates/help/content.phtml|436f409d949019423dafd787f77a8ad7
/view/adminhtml/templates/header.phtml|1c6c56a53cf9d776044d2a138d2cb7c4
